52470,59500,http://wescml.org/id/supply/water/actew-2005-06,200000
9301,0,http://wescml.org/id/supply/water/albury-city-council-2005-06,200001
3348,0,http://wescml.org/id/supply/water/ballina-shire-council-2005-06,200002
7386,0,http://wescml.org/id/supply/water/bathurst-regional-council-2005-06,200003
4243,0,http://wescml.org/id/supply/water/bega-valley-shire-council-2005-06,200004
2946,0,http://wescml.org/id/supply/water/byron-shire-council-2005-06,200005
7525,0,http://wescml.org/id/supply/water/clarence-valley-council-2005-06,200006
6370,0,http://wescml.org/id/supply/water/coffs-harbour-city-council-2005-06,200007
8853,0,http://wescml.org/id/supply/water/dubbo-city-council-2005-06,200008
6562,0,http://wescml.org/id/supply/water/essential-energy-2005-06,200009
4516,0,http://wescml.org/id/supply/water/eurobodalla-shire-council-2005-06,200010
0,0,http://wescml.org/id/supply/water/fish-river-water-2005-06,200011
0,0,http://wescml.org/id/supply/water/goldenfields-water-(bulk-water-supply)-2005-06,200012
5974,0,http://wescml.org/id/supply/water/goldenfields-water-(reticulation)-2005-06,200013
14362,0,http://wescml.org/id/supply/water/gosford-city-council-2005-06,200014
0,0,http://wescml.org/id/supply/water/goulburn-mulwaree-council-2005-06,200015
4080,0,http://wescml.org/id/supply/water/kempsey-shire-council-2005-06,200016
4009,0,http://wescml.org/id/supply/water/lismore-city-council-2005-06,200017
10740,0,http://wescml.org/id/supply/water/midcoast-water-2005-06,200018
0,0,http://wescml.org/id/supply/water/orange-city-council-2005-06,200019
6615,0,http://wescml.org/id/supply/water/port-macquarie-hastings-council-2005-06,200020
4368,0,http://wescml.org/id/supply/water/queanbeyan-city-council-2005-06,200021
15911,0,http://wescml.org/id/supply/water/riverina-water-2005-06,200022
867,0,http://wescml.org/id/supply/water/rous-water-2005-06,200023
16260,0,http://wescml.org/id/supply/water/shoalhaven-city-council-2005-06,200024
10435,0,http://wescml.org/id/supply/water/tamworth-regional-council-2005-06,200025
9625,0,http://wescml.org/id/supply/water/tweed-shire-council-2005-06,200026
0,0,http://wescml.org/id/supply/water/wagga-wagga-council-2005-06,200027
4739,0,http://wescml.org/id/supply/water/wingecarribee-shire-council-2005-06,200028
14802,0,http://wescml.org/id/supply/water/wyong-shire-council-2005-06,200029
69875,5110,http://wescml.org/id/supply/water/hunter-water-corporation-2005-06,200030
0,64495,http://wescml.org/id/supply/water/sydney-catchment-authority-2005-06,200031
528260,0,http://wescml.org/id/supply/water/sydney-water-corporation-2005-06,200032
8858,0,http://wescml.org/id/supply/water/power-and-water---alice-springs-2005-06,200033
34521,0,http://wescml.org/id/supply/water/power-and-water---darwin-2005-06,200034
22600,0,http://wescml.org/id/supply/water/cairns-water-and-waste-(cairns-regional-council)-2005-06,200035
0,0,http://wescml.org/id/supply/water/fitzroy-river-water-(rockhampton-regional-council)-2005-06,200036
0,0,http://wescml.org/id/supply/water/gladstone-area-water-board-2005-06,200037
0,0,http://wescml.org/id/supply/water/gold-coast-city-council-2005-06,200038
0,0,http://wescml.org/id/supply/water/logan-city-council-2005-06,200039
0,0,http://wescml.org/id/supply/water/queensland-urban-utilities-2005-06,200040
0,0,http://wescml.org/id/supply/water/seqwater-2005-06,200041
0,0,http://wescml.org/id/supply/water/toowoomba-regional-council-2005-06,200042
0,0,http://wescml.org/id/supply/water/townsville-water-(townsville-city-council)-2005-06,200043
0,0,http://wescml.org/id/supply/water/unitywater-2005-06,200044
0,0,http://wescml.org/id/supply/water/water-and-waste-services-(mackay-regional-council)-2005-06,200045
0,0,http://wescml.org/id/supply/water/wide-bay-water-2005-06,200046
163577,773,http://wescml.org/id/supply/water/sa-water---adelaide-2005-06,200047
0,0,http://wescml.org/id/supply/water/sa-water---mount-gambier-2005-06,200048
0,0,http://wescml.org/id/supply/water/sa-water---whyalla-2005-06,200049
41013,0,http://wescml.org/id/supply/water/barwon-water-2005-06,200050
15855,0,http://wescml.org/id/supply/water/central-gippsland-water-2005-06,200051
16451,0,http://wescml.org/id/supply/water/central-highlands-water-2005-06,200052
109820,0,http://wescml.org/id/supply/water/city-west-water-2005-06,200053
23840,0,http://wescml.org/id/supply/water/coliban-water-2005-06,200054
5115,0,http://wescml.org/id/supply/water/east-gippsland-water-2005-06,200055
11756,0,http://wescml.org/id/supply/water/gwmwater-2005-06,200056
28170,0,http://wescml.org/id/supply/water/goulburn-valley-water-2005-06,200057
20396,0,http://wescml.org/id/supply/water/lower-murray-water-2005-06,200058
0,88399,http://wescml.org/id/supply/water/melbourne-water-2005-06,200059
17539,0,http://wescml.org/id/supply/water/north-east-water-2005-06,200060
155334,0,http://wescml.org/id/supply/water/south-east-water-ltd-2005-06,200061
6850,0,http://wescml.org/id/supply/water/south-gippsland-water-2005-06,200062
15637,0,http://wescml.org/id/supply/water/wannon-water-2005-06,200063
12891,0,http://wescml.org/id/supply/water/western-water-2005-06,200064
1983,0,http://wescml.org/id/supply/water/westernport-water-2005-06,200065
172797,0,http://wescml.org/id/supply/water/yarra-valley-water-2005-06,200066
0,0,http://wescml.org/id/supply/water/aqwest---bunbury-water-board-(water-supply)-2005-06,200067
3290,0,http://wescml.org/id/supply/water/busselton-water-(water-supply)-2005-06,200068
1025,0,http://wescml.org/id/supply/water/city-of-kalgoorlie-boulder-(sewerage)-2005-06,200069
3362,0,http://wescml.org/id/supply/water/water-corporation---albany-2005-06,200070
0,0,http://wescml.org/id/supply/water/water-corporation---australind/eaton-2005-06,200071
0,0,http://wescml.org/id/supply/water/water-corporation---bunbury-(sewerage)-2005-06,200072
0,0,http://wescml.org/id/supply/water/water-corporation---busselton-(sewerage)-2005-06,200073
7153,0,http://wescml.org/id/supply/water/water-corporation---geraldton-2005-06,200074
8310,0,http://wescml.org/id/supply/water/water-corporation---kalgoorlie-boulder-(water-supply)-2005-06,200075
9331,0,http://wescml.org/id/supply/water/water-corporation---mandurah-2005-06,200076
231440,2269,http://wescml.org/id/supply/water/water-corporation---perth-2005-06,200077
47699,10170,http://wescml.org/id/supply/water/actew-2006-07,200078
8243,0,http://wescml.org/id/supply/water/albury-city-council-2006-07,200079
4265,0,http://wescml.org/id/supply/water/ballina-shire-council-2006-07,200080
7136,0,http://wescml.org/id/supply/water/bathurst-regional-council-2006-07,200081
3742,0,http://wescml.org/id/supply/water/bega-valley-shire-council-2006-07,200082
2851,0,http://wescml.org/id/supply/water/byron-shire-council-2006-07,200083
9307,0,http://wescml.org/id/supply/water/clarence-valley-council-2006-07,200084
5798,0,http://wescml.org/id/supply/water/coffs-harbour-city-council-2006-07,200085
10378,0,http://wescml.org/id/supply/water/dubbo-city-council-2006-07,200086
6476,0,http://wescml.org/id/supply/water/essential-energy-2006-07,200087
4063,0,http://wescml.org/id/supply/water/eurobodalla-shire-council-2006-07,200088
0,0,http://wescml.org/id/supply/water/fish-river-water-2006-07,200089
0,0,http://wescml.org/id/supply/water/goldenfields-water-(bulk-water-supply)-2006-07,200090
5970,0,http://wescml.org/id/supply/water/goldenfields-water-(reticulation)-2006-07,200091
13557,0,http://wescml.org/id/supply/water/gosford-city-council-2006-07,200092
0,0,http://wescml.org/id/supply/water/goulburn-mulwaree-council-2006-07,200093
4061,0,http://wescml.org/id/supply/water/kempsey-shire-council-2006-07,200094
3557,0,http://wescml.org/id/supply/water/lismore-city-council-2006-07,200095
9506,0,http://wescml.org/id/supply/water/midcoast-water-2006-07,200096
8999,0,http://wescml.org/id/supply/water/orange-city-council-2006-07,200097
6514,0,http://wescml.org/id/supply/water/port-macquarie-hastings-council-2006-07,200098
4534,0,http://wescml.org/id/supply/water/queanbeyan-city-council-2006-07,200099
17559,0,http://wescml.org/id/supply/water/riverina-water-2006-07,200100
805,0,http://wescml.org/id/supply/water/rous-water-2006-07,200101
13011,0,http://wescml.org/id/supply/water/shoalhaven-city-council-2006-07,200102
8708,0,http://wescml.org/id/supply/water/tamworth-regional-council-2006-07,200103
9838,0,http://wescml.org/id/supply/water/tweed-shire-council-2006-07,200104
0,0,http://wescml.org/id/supply/water/wagga-wagga-council-2006-07,200105
4939,0,http://wescml.org/id/supply/water/wingecarribee-shire-council-2006-07,200106
12551,0,http://wescml.org/id/supply/water/wyong-shire-council-2006-07,200107
70599,5110,http://wescml.org/id/supply/water/hunter-water-corporation-2006-07,200108
0,70156,http://wescml.org/id/supply/water/sydney-catchment-authority-2006-07,200109
509930,0,http://wescml.org/id/supply/water/sydney-water-corporation-2006-07,200110
8802,0,http://wescml.org/id/supply/water/power-and-water---alice-springs-2006-07,200111
36674,0,http://wescml.org/id/supply/water/power-and-water---darwin-2006-07,200112
21045,0,http://wescml.org/id/supply/water/cairns-water-and-waste-(cairns-regional-council)-2006-07,200113
0,0,http://wescml.org/id/supply/water/fitzroy-river-water-(rockhampton-regional-council)-2006-07,200114
0,0,http://wescml.org/id/supply/water/gladstone-area-water-board-2006-07,200115
0,0,http://wescml.org/id/supply/water/gold-coast-city-council-2006-07,200116
0,0,http://wescml.org/id/supply/water/logan-city-council-2006-07,200117
0,0,http://wescml.org/id/supply/water/queensland-urban-utilities-2006-07,200118
0,0,http://wescml.org/id/supply/water/seqwater-2006-07,200119
0,0,http://wescml.org/id/supply/water/toowoomba-regional-council-2006-07,200120
0,0,http://wescml.org/id/supply/water/townsville-water-(townsville-city-council)-2006-07,200121
0,0,http://wescml.org/id/supply/water/unitywater-2006-07,200122
0,0,http://wescml.org/id/supply/water/water-and-waste-services-(mackay-regional-council)-2006-07,200123
0,0,http://wescml.org/id/supply/water/wide-bay-water-2006-07,200124
159477,3482,http://wescml.org/id/supply/water/sa-water---adelaide-2006-07,200125
0,0,http://wescml.org/id/supply/water/sa-water---mount-gambier-2006-07,200126
0,0,http://wescml.org/id/supply/water/sa-water---whyalla-2006-07,200127
33384,0,http://wescml.org/id/supply/water/barwon-water-2006-07,200128
20821,0,http://wescml.org/id/supply/water/central-gippsland-water-2006-07,200129
13140,0,http://wescml.org/id/supply/water/central-highlands-water-2006-07,200130
99419,0,http://wescml.org/id/supply/water/city-west-water-2006-07,200131
19061,0,http://wescml.org/id/supply/water/coliban-water-2006-07,200132
5108,0,http://wescml.org/id/supply/water/east-gippsland-water-2006-07,200133
6980,0,http://wescml.org/id/supply/water/gwmwater-2006-07,200134
26627,0,http://wescml.org/id/supply/water/goulburn-valley-water-2006-07,200135
17051,0,http://wescml.org/id/supply/water/lower-murray-water-2006-07,200136
0,87046,http://wescml.org/id/supply/water/melbourne-water-2006-07,200137
15979,0,http://wescml.org/id/supply/water/north-east-water-2006-07,200138
142742,0,http://wescml.org/id/supply/water/south-east-water-ltd-2006-07,200139
4934,0,http://wescml.org/id/supply/water/south-gippsland-water-2006-07,200140
13669,0,http://wescml.org/id/supply/water/wannon-water-2006-07,200141
11601,0,http://wescml.org/id/supply/water/western-water-2006-07,200142
1426,0,http://wescml.org/id/supply/water/westernport-water-2006-07,200143
159350,0,http://wescml.org/id/supply/water/yarra-valley-water-2006-07,200144
6035,0,http://wescml.org/id/supply/water/aqwest---bunbury-water-board-(water-supply)-2006-07,200145
3477,0,http://wescml.org/id/supply/water/busselton-water-(water-supply)-2006-07,200146
1158,0,http://wescml.org/id/supply/water/city-of-kalgoorlie-boulder-(sewerage)-2006-07,200147
3908,0,http://wescml.org/id/supply/water/water-corporation---albany-2006-07,200148
0,0,http://wescml.org/id/supply/water/water-corporation---australind/eaton-2006-07,200149
0,0,http://wescml.org/id/supply/water/water-corporation---bunbury-(sewerage)-2006-07,200150
0,0,http://wescml.org/id/supply/water/water-corporation---busselton-(sewerage)-2006-07,200151
8269,0,http://wescml.org/id/supply/water/water-corporation---geraldton-2006-07,200152
8827,0,http://wescml.org/id/supply/water/water-corporation---kalgoorlie-boulder-(water-supply)-2006-07,200153
10489,0,http://wescml.org/id/supply/water/water-corporation---mandurah-2006-07,200154
240104,2894,http://wescml.org/id/supply/water/water-corporation---perth-2006-07,200155
40749,6666,http://wescml.org/id/supply/water/actew-2007-08,200156
5733,0,http://wescml.org/id/supply/water/albury-city-council-2007-08,200157
3547,0,http://wescml.org/id/supply/water/ballina-shire-council-2007-08,200158
5777,0,http://wescml.org/id/supply/water/bathurst-regional-council-2007-08,200159
3699,0,http://wescml.org/id/supply/water/bega-valley-shire-council-2007-08,200160
2934,0,http://wescml.org/id/supply/water/byron-shire-council-2007-08,200161
6649,0,http://wescml.org/id/supply/water/clarence-valley-council-2007-08,200162
5631,0,http://wescml.org/id/supply/water/coffs-harbour-city-council-2007-08,200163
7345,0,http://wescml.org/id/supply/water/dubbo-city-council-2007-08,200164
6733,0,http://wescml.org/id/supply/water/essential-energy-2007-08,200165
4440,0,http://wescml.org/id/supply/water/eurobodalla-shire-council-2007-08,200166
1273,0,http://wescml.org/id/supply/water/fish-river-water-2007-08,200167
0,0,http://wescml.org/id/supply/water/goldenfields-water-(bulk-water-supply)-2007-08,200168
4938,0,http://wescml.org/id/supply/water/goldenfields-water-(reticulation)-2007-08,200169
12056,0,http://wescml.org/id/supply/water/gosford-city-council-2007-08,200170
0,0,http://wescml.org/id/supply/water/goulburn-mulwaree-council-2007-08,200171
3784,0,http://wescml.org/id/supply/water/kempsey-shire-council-2007-08,200172
3332,0,http://wescml.org/id/supply/water/lismore-city-council-2007-08,200173
8935,0,http://wescml.org/id/supply/water/midcoast-water-2007-08,200174
8170,0,http://wescml.org/id/supply/water/orange-city-council-2007-08,200175
6088,0,http://wescml.org/id/supply/water/port-macquarie-hastings-council-2007-08,200176
3783,0,http://wescml.org/id/supply/water/queanbeyan-city-council-2007-08,200177
14840,0,http://wescml.org/id/supply/water/riverina-water-2007-08,200178
668,0,http://wescml.org/id/supply/water/rous-water-2007-08,200179
12449,0,http://wescml.org/id/supply/water/shoalhaven-city-council-2007-08,200180
8469,0,http://wescml.org/id/supply/water/tamworth-regional-council-2007-08,200181
9032,0,http://wescml.org/id/supply/water/tweed-shire-council-2007-08,200182
0,0,http://wescml.org/id/supply/water/wagga-wagga-council-2007-08,200183
4244,0,http://wescml.org/id/supply/water/wingecarribee-shire-council-2007-08,200184
12828,0,http://wescml.org/id/supply/water/wyong-shire-council-2007-08,200185
66009,5110,http://wescml.org/id/supply/water/hunter-water-corporation-2007-08,200186
0,70842,http://wescml.org/id/supply/water/sydney-catchment-authority-2007-08,200187
481701,0,http://wescml.org/id/supply/water/sydney-water-corporation-2007-08,200188
9306,0,http://wescml.org/id/supply/water/power-and-water---alice-springs-2007-08,200189
36719,0,http://wescml.org/id/supply/water/power-and-water---darwin-2007-08,200190
21214,0,http://wescml.org/id/supply/water/cairns-water-and-waste-(cairns-regional-council)-2007-08,200191
0,0,http://wescml.org/id/supply/water/fitzroy-river-water-(rockhampton-regional-council)-2007-08,200192
0,0,http://wescml.org/id/supply/water/gladstone-area-water-board-2007-08,200193
56854,2271,http://wescml.org/id/supply/water/gold-coast-city-council-2007-08,200194
12243,0,http://wescml.org/id/supply/water/logan-city-council-2007-08,200195
0,0,http://wescml.org/id/supply/water/queensland-urban-utilities-2007-08,200196
0,0,http://wescml.org/id/supply/water/seqwater-2007-08,200197
0,0,http://wescml.org/id/supply/water/toowoomba-regional-council-2007-08,200198
0,0,http://wescml.org/id/supply/water/townsville-water-(townsville-city-council)-2007-08,200199
0,0,http://wescml.org/id/supply/water/unitywater-2007-08,200200
10374,0,http://wescml.org/id/supply/water/water-and-waste-services-(mackay-regional-council)-2007-08,200201
0,0,http://wescml.org/id/supply/water/wide-bay-water-2007-08,200202
140923,775,http://wescml.org/id/supply/water/sa-water---adelaide-2007-08,200203
3701,0,http://wescml.org/id/supply/water/sa-water---mount-gambier-2007-08,200204
8032,0,http://wescml.org/id/supply/water/sa-water---whyalla-2007-08,200205
31868,0,http://wescml.org/id/supply/water/barwon-water-2007-08,200206
19913,124934,http://wescml.org/id/supply/water/central-gippsland-water-2007-08,200207
11710,98,http://wescml.org/id/supply/water/central-highlands-water-2007-08,200208
93349,0,http://wescml.org/id/supply/water/city-west-water-2007-08,200209
15993,0,http://wescml.org/id/supply/water/coliban-water-2007-08,200210
5140,0,http://wescml.org/id/supply/water/east-gippsland-water-2007-08,200211
7773,0,http://wescml.org/id/supply/water/gwmwater-2007-08,200212
22973,0,http://wescml.org/id/supply/water/goulburn-valley-water-2007-08,200213
12113,0,http://wescml.org/id/supply/water/lower-murray-water-2007-08,200214
0,70359,http://wescml.org/id/supply/water/melbourne-water-2007-08,200215
14358,0,http://wescml.org/id/supply/water/north-east-water-2007-08,200216
133652,0,http://wescml.org/id/supply/water/south-east-water-ltd-2007-08,200217
5762,0,http://wescml.org/id/supply/water/south-gippsland-water-2007-08,200218
14318,0,http://wescml.org/id/supply/water/wannon-water-2007-08,200219
10730,0,http://wescml.org/id/supply/water/western-water-2007-08,200220
1535,0,http://wescml.org/id/supply/water/westernport-water-2007-08,200221
143355,0,http://wescml.org/id/supply/water/yarra-valley-water-2007-08,200222
5527,0,http://wescml.org/id/supply/water/aqwest---bunbury-water-board-(water-supply)-2007-08,200223
3165,0,http://wescml.org/id/supply/water/busselton-water-(water-supply)-2007-08,200224
1219,0,http://wescml.org/id/supply/water/city-of-kalgoorlie-boulder-(sewerage)-2007-08,200225
3395,0,http://wescml.org/id/supply/water/water-corporation---albany-2007-08,200226
0,0,http://wescml.org/id/supply/water/water-corporation---australind/eaton-2007-08,200227
0,0,http://wescml.org/id/supply/water/water-corporation---bunbury-(sewerage)-2007-08,200228
0,0,http://wescml.org/id/supply/water/water-corporation---busselton-(sewerage)-2007-08,200229
7548,0,http://wescml.org/id/supply/water/water-corporation---geraldton-2007-08,200230
8566,0,http://wescml.org/id/supply/water/water-corporation---kalgoorlie-boulder-(water-supply)-2007-08,200231
10070,0,http://wescml.org/id/supply/water/water-corporation---mandurah-2007-08,200232
239773,2394,http://wescml.org/id/supply/water/water-corporation---perth-2007-08,200233
41797,5262,http://wescml.org/id/supply/water/actew-2008-09,200234
6893,0,http://wescml.org/id/supply/water/albury-city-council-2008-09,200235
3568,0,http://wescml.org/id/supply/water/ballina-shire-council-2008-09,200236
5783,0,http://wescml.org/id/supply/water/bathurst-regional-council-2008-09,200237
3933,0,http://wescml.org/id/supply/water/bega-valley-shire-council-2008-09,200238
3020,0,http://wescml.org/id/supply/water/byron-shire-council-2008-09,200239
6222,0,http://wescml.org/id/supply/water/clarence-valley-council-2008-09,200240
5801,0,http://wescml.org/id/supply/water/coffs-harbour-city-council-2008-09,200241
8205,0,http://wescml.org/id/supply/water/dubbo-city-council-2008-09,200242
5760,0,http://wescml.org/id/supply/water/essential-energy-2008-09,200243
3996,0,http://wescml.org/id/supply/water/eurobodalla-shire-council-2008-09,200244
0,0,http://wescml.org/id/supply/water/fish-river-water-2008-09,200245
0,0,http://wescml.org/id/supply/water/goldenfields-water-(bulk-water-supply)-2008-09,200246
5534,0,http://wescml.org/id/supply/water/goldenfields-water-(reticulation)-2008-09,200247
12619,0,http://wescml.org/id/supply/water/gosford-city-council-2008-09,200248
0,0,http://wescml.org/id/supply/water/goulburn-mulwaree-council-2008-09,200249
3633,0,http://wescml.org/id/supply/water/kempsey-shire-council-2008-09,200250
3522,0,http://wescml.org/id/supply/water/lismore-city-council-2008-09,200251
9169,0,http://wescml.org/id/supply/water/midcoast-water-2008-09,200252
8354,0,http://wescml.org/id/supply/water/orange-city-council-2008-09,200253
6190,0,http://wescml.org/id/supply/water/port-macquarie-hastings-council-2008-09,200254
4053,0,http://wescml.org/id/supply/water/queanbeyan-city-council-2008-09,200255
17077,0,http://wescml.org/id/supply/water/riverina-water-2008-09,200256
502,0,http://wescml.org/id/supply/water/rous-water-2008-09,200257
15129,0,http://wescml.org/id/supply/water/shoalhaven-city-council-2008-09,200258
9272,0,http://wescml.org/id/supply/water/tamworth-regional-council-2008-09,200259
9205,0,http://wescml.org/id/supply/water/tweed-shire-council-2008-09,200260
0,0,http://wescml.org/id/supply/water/wagga-wagga-council-2008-09,200261
4825,0,http://wescml.org/id/supply/water/wingecarribee-shire-council-2008-09,200262
13355,0,http://wescml.org/id/supply/water/wyong-shire-council-2008-09,200263
67020,5110,http://wescml.org/id/supply/water/hunter-water-corporation-2008-09,200264
0,80680,http://wescml.org/id/supply/water/sydney-catchment-authority-2008-09,200265
491968,0,http://wescml.org/id/supply/water/sydney-water-corporation-2008-09,200266
9226,0,http://wescml.org/id/supply/water/power-and-water---alice-springs-2008-09,200267
37504,0,http://wescml.org/id/supply/water/power-and-water---darwin-2008-09,200268
29585,0,http://wescml.org/id/supply/water/cairns-water-and-waste-(cairns-regional-council)-2008-09,200269
27039,38380,http://wescml.org/id/supply/water/fitzroy-river-water-(rockhampton-regional-council)-2008-09,200270
0,0,http://wescml.org/id/supply/water/gladstone-area-water-board-2008-09,200271
54661,0,http://wescml.org/id/supply/water/gold-coast-city-council-2008-09,200272
16449,0,http://wescml.org/id/supply/water/logan-city-council-2008-09,200273
0,0,http://wescml.org/id/supply/water/queensland-urban-utilities-2008-09,200274
0,0,http://wescml.org/id/supply/water/seqwater-2008-09,200275
0,0,http://wescml.org/id/supply/water/toowoomba-regional-council-2008-09,200276
42644,44069,http://wescml.org/id/supply/water/townsville-water-(townsville-city-council)-2008-09,200277
0,0,http://wescml.org/id/supply/water/unitywater-2008-09,200278
13164,0,http://wescml.org/id/supply/water/water-and-waste-services-(mackay-regional-council)-2008-09,200279
0,0,http://wescml.org/id/supply/water/wide-bay-water-2008-09,200280
139129,573,http://wescml.org/id/supply/water/sa-water---adelaide-2008-09,200281
3955,0,http://wescml.org/id/supply/water/sa-water---mount-gambier-2008-09,200282
8996,0,http://wescml.org/id/supply/water/sa-water---whyalla-2008-09,200283
32493,0,http://wescml.org/id/supply/water/barwon-water-2008-09,200284
17558,522,http://wescml.org/id/supply/water/central-gippsland-water-2008-09,200285
11334,0,http://wescml.org/id/supply/water/central-highlands-water-2008-09,200286
93045,0,http://wescml.org/id/supply/water/city-west-water-2008-09,200287
16106,0,http://wescml.org/id/supply/water/coliban-water-2008-09,200288
5454,1095,http://wescml.org/id/supply/water/east-gippsland-water-2008-09,200289
7525,0,http://wescml.org/id/supply/water/gwmwater-2008-09,200290
24987,0,http://wescml.org/id/supply/water/goulburn-valley-water-2008-09,200291
14805,0,http://wescml.org/id/supply/water/lower-murray-water-2008-09,200292
0,82179,http://wescml.org/id/supply/water/melbourne-water-2008-09,200293
15312,0,http://wescml.org/id/supply/water/north-east-water-2008-09,200294
129405,0,http://wescml.org/id/supply/water/south-east-water-ltd-2008-09,200295
5613,0,http://wescml.org/id/supply/water/south-gippsland-water-2008-09,200296
14374,0,http://wescml.org/id/supply/water/wannon-water-2008-09,200297
10826,0,http://wescml.org/id/supply/water/western-water-2008-09,200298
2061,0,http://wescml.org/id/supply/water/westernport-water-2008-09,200299
137980,0,http://wescml.org/id/supply/water/yarra-valley-water-2008-09,200300
5926,0,http://wescml.org/id/supply/water/aqwest---bunbury-water-board-(water-supply)-2008-09,200301
3661,0,http://wescml.org/id/supply/water/busselton-water-(water-supply)-2008-09,200302
1781,0,http://wescml.org/id/supply/water/city-of-kalgoorlie-boulder-(sewerage)-2008-09,200303
3384,0,http://wescml.org/id/supply/water/water-corporation---albany-2008-09,200304
0,0,http://wescml.org/id/supply/water/water-corporation---australind/eaton-2008-09,200305
0,0,http://wescml.org/id/supply/water/water-corporation---bunbury-(sewerage)-2008-09,200306
0,0,http://wescml.org/id/supply/water/water-corporation---busselton-(sewerage)-2008-09,200307
7352,0,http://wescml.org/id/supply/water/water-corporation---geraldton-2008-09,200308
7983,0,http://wescml.org/id/supply/water/water-corporation---kalgoorlie-boulder-(water-supply)-2008-09,200309
10651,0,http://wescml.org/id/supply/water/water-corporation---mandurah-2008-09,200310
249756,2632,http://wescml.org/id/supply/water/water-corporation---perth-2008-09,200311
41572,10890,http://wescml.org/id/supply/water/actew-2009-10,200312
6798,0,http://wescml.org/id/supply/water/albury-city-council-2009-10,200313
4767,0,http://wescml.org/id/supply/water/ballina-shire-council-2009-10,200314
6001,0,http://wescml.org/id/supply/water/bathurst-regional-council-2009-10,200315
4213,0,http://wescml.org/id/supply/water/bega-valley-shire-council-2009-10,200316
3172,0,http://wescml.org/id/supply/water/byron-shire-council-2009-10,200317
6736,0,http://wescml.org/id/supply/water/clarence-valley-council-2009-10,200318
6619,0,http://wescml.org/id/supply/water/coffs-harbour-city-council-2009-10,200319
7692,0,http://wescml.org/id/supply/water/dubbo-city-council-2009-10,200320
5926,0,http://wescml.org/id/supply/water/essential-energy-2009-10,200321
4315,0,http://wescml.org/id/supply/water/eurobodalla-shire-council-2009-10,200322
1459,0,http://wescml.org/id/supply/water/fish-river-water-2009-10,200323
0,0,http://wescml.org/id/supply/water/goldenfields-water-(bulk-water-supply)-2009-10,200324
5165,0,http://wescml.org/id/supply/water/goldenfields-water-(reticulation)-2009-10,200325
13608,0,http://wescml.org/id/supply/water/gosford-city-council-2009-10,200326
2213,0,http://wescml.org/id/supply/water/goulburn-mulwaree-council-2009-10,200327
3774,0,http://wescml.org/id/supply/water/kempsey-shire-council-2009-10,200328
3791,0,http://wescml.org/id/supply/water/lismore-city-council-2009-10,200329
9163,0,http://wescml.org/id/supply/water/midcoast-water-2009-10,200330
0,0,http://wescml.org/id/supply/water/orange-city-council-2009-10,200331
6500,0,http://wescml.org/id/supply/water/port-macquarie-hastings-council-2009-10,200332
4279,0,http://wescml.org/id/supply/water/queanbeyan-city-council-2009-10,200333
15853,0,http://wescml.org/id/supply/water/riverina-water-2009-10,200334
1567,0,http://wescml.org/id/supply/water/rous-water-2009-10,200335
15234,0,http://wescml.org/id/supply/water/shoalhaven-city-council-2009-10,200336
9442,0,http://wescml.org/id/supply/water/tamworth-regional-council-2009-10,200337
10453,0,http://wescml.org/id/supply/water/tweed-shire-council-2009-10,200338
0,0,http://wescml.org/id/supply/water/wagga-wagga-council-2009-10,200339
4862,0,http://wescml.org/id/supply/water/wingecarribee-shire-council-2009-10,200340
13900,0,http://wescml.org/id/supply/water/wyong-shire-council-2009-10,200341
68233,5110,http://wescml.org/id/supply/water/hunter-water-corporation-2009-10,200342
0,82382,http://wescml.org/id/supply/water/sydney-catchment-authority-2009-10,200343
505650,0,http://wescml.org/id/supply/water/sydney-water-corporation-2009-10,200344
8348,0,http://wescml.org/id/supply/water/power-and-water---alice-springs-2009-10,200345
34949,0,http://wescml.org/id/supply/water/power-and-water---darwin-2009-10,200346
30806,19937,http://wescml.org/id/supply/water/cairns-water-and-waste-(cairns-regional-council)-2009-10,200347
33215,8500,http://wescml.org/id/supply/water/fitzroy-river-water-(rockhampton-regional-council)-2009-10,200348
0,0,http://wescml.org/id/supply/water/gladstone-area-water-board-2009-10,200349
62710,0,http://wescml.org/id/supply/water/gold-coast-city-council-2009-10,200350
18199,0,http://wescml.org/id/supply/water/logan-city-council-2009-10,200351
0,0,http://wescml.org/id/supply/water/queensland-urban-utilities-2009-10,200352
0,47397,http://wescml.org/id/supply/water/seqwater-2009-10,200353
0,0,http://wescml.org/id/supply/water/toowoomba-regional-council-2009-10,200354
43445,0,http://wescml.org/id/supply/water/townsville-water-(townsville-city-council)-2009-10,200355
0,0,http://wescml.org/id/supply/water/unitywater-2009-10,200356
19601,0,http://wescml.org/id/supply/water/water-and-waste-services-(mackay-regional-council)-2009-10,200357
0,0,http://wescml.org/id/supply/water/wide-bay-water-2009-10,200358
125800,532,http://wescml.org/id/supply/water/sa-water---adelaide-2009-10,200359
3082,0,http://wescml.org/id/supply/water/sa-water---mount-gambier-2009-10,200360
8735,0,http://wescml.org/id/supply/water/sa-water---whyalla-2009-10,200361
30583,0,http://wescml.org/id/supply/water/barwon-water-2009-10,200362
17162,0,http://wescml.org/id/supply/water/central-gippsland-water-2009-10,200363
11779,0,http://wescml.org/id/supply/water/central-highlands-water-2009-10,200364
90878,0,http://wescml.org/id/supply/water/city-west-water-2009-10,200365
17448,0,http://wescml.org/id/supply/water/coliban-water-2009-10,200366
5668,0,http://wescml.org/id/supply/water/east-gippsland-water-2009-10,200367
8476,0,http://wescml.org/id/supply/water/gwmwater-2009-10,200368
24339,0,http://wescml.org/id/supply/water/goulburn-valley-water-2009-10,200369
16557,0,http://wescml.org/id/supply/water/lower-murray-water-2009-10,200370
361362,57579,http://wescml.org/id/supply/water/melbourne-water-2009-10,200371
14526,0,http://wescml.org/id/supply/water/north-east-water-2009-10,200372
125244,0,http://wescml.org/id/supply/water/south-east-water-ltd-2009-10,200373
5217,0,http://wescml.org/id/supply/water/south-gippsland-water-2009-10,200374
13461,0,http://wescml.org/id/supply/water/wannon-water-2009-10,200375
10719,0,http://wescml.org/id/supply/water/western-water-2009-10,200376
1803,0,http://wescml.org/id/supply/water/westernport-water-2009-10,200377
132709,0,http://wescml.org/id/supply/water/yarra-valley-water-2009-10,200378
5812,0,http://wescml.org/id/supply/water/aqwest---bunbury-water-board-(water-supply)-2009-10,200379
3790,0,http://wescml.org/id/supply/water/busselton-water-(water-supply)-2009-10,200380
1988,0,http://wescml.org/id/supply/water/city-of-kalgoorlie-boulder-(sewerage)-2009-10,200381
4127,0,http://wescml.org/id/supply/water/water-corporation---albany-2009-10,200382
0,0,http://wescml.org/id/supply/water/water-corporation---australind/eaton-2009-10,200383
0,0,http://wescml.org/id/supply/water/water-corporation---bunbury-(sewerage)-2009-10,200384
0,0,http://wescml.org/id/supply/water/water-corporation---busselton-(sewerage)-2009-10,200385
8180,0,http://wescml.org/id/supply/water/water-corporation---geraldton-2009-10,200386
8844,0,http://wescml.org/id/supply/water/water-corporation---kalgoorlie-boulder-(water-supply)-2009-10,200387
11824,0,http://wescml.org/id/supply/water/water-corporation---mandurah-2009-10,200388
249612,2811,http://wescml.org/id/supply/water/water-corporation---perth-2009-10,200389
37371,9202,http://wescml.org/id/supply/water/actew-2010-11,200390
5667,0,http://wescml.org/id/supply/water/albury-city-council-2010-11,200391
3731,0,http://wescml.org/id/supply/water/ballina-shire-council-2010-11,200392
5390,1497,http://wescml.org/id/supply/water/bathurst-regional-council-2010-11,200393
3639,0,http://wescml.org/id/supply/water/bega-valley-shire-council-2010-11,200394
3484,0,http://wescml.org/id/supply/water/byron-shire-council-2010-11,200395
6068,0,http://wescml.org/id/supply/water/clarence-valley-council-2010-11,200396
6882,0,http://wescml.org/id/supply/water/coffs-harbour-city-council-2010-11,200397
6318,0,http://wescml.org/id/supply/water/dubbo-city-council-2010-11,200398
4729,0,http://wescml.org/id/supply/water/essential-energy-2010-11,200399
3543,0,http://wescml.org/id/supply/water/eurobodalla-shire-council-2010-11,200400
4688,874,http://wescml.org/id/supply/water/fish-river-water-2010-11,200401
973,0,http://wescml.org/id/supply/water/goldenfields-water-(bulk-water-supply)-2010-11,200402
3874,0,http://wescml.org/id/supply/water/goldenfields-water-(reticulation)-2010-11,200403
13882,0,http://wescml.org/id/supply/water/gosford-city-council-2010-11,200404
2351,0,http://wescml.org/id/supply/water/goulburn-mulwaree-council-2010-11,200405
3455,0,http://wescml.org/id/supply/water/kempsey-shire-council-2010-11,200406
3236,0,http://wescml.org/id/supply/water/lismore-city-council-2010-11,200407
8331,0,http://wescml.org/id/supply/water/midcoast-water-2010-11,200408
0,365,http://wescml.org/id/supply/water/orange-city-council-2010-11,200409
6169,0,http://wescml.org/id/supply/water/port-macquarie-hastings-council-2010-11,200410
3791,0,http://wescml.org/id/supply/water/queanbeyan-city-council-2010-11,200411
11449,0,http://wescml.org/id/supply/water/riverina-water-2010-11,200412
2358,0,http://wescml.org/id/supply/water/rous-water-2010-11,200413
14680,0,http://wescml.org/id/supply/water/shoalhaven-city-council-2010-11,200414
9047,0,http://wescml.org/id/supply/water/tamworth-regional-council-2010-11,200415
8872,0,http://wescml.org/id/supply/water/tweed-shire-council-2010-11,200416
0,0,http://wescml.org/id/supply/water/wagga-wagga-council-2010-11,200417
4125,0,http://wescml.org/id/supply/water/wingecarribee-shire-council-2010-11,200418
13984,2555,http://wescml.org/id/supply/water/wyong-shire-council-2010-11,200419
72368,5110,http://wescml.org/id/supply/water/hunter-water-corporation-2010-11,200420
433363,293085,http://wescml.org/id/supply/water/sydney-catchment-authority-2010-11,200421
544216,0,http://wescml.org/id/supply/water/sydney-water-corporation-2010-11,200422
6537,0,http://wescml.org/id/supply/water/power-and-water---alice-springs-2010-11,200423
32292,0,http://wescml.org/id/supply/water/power-and-water---darwin-2010-11,200424
27817,12523,http://wescml.org/id/supply/water/cairns-water-and-waste-(cairns-regional-council)-2010-11,200425
20398,0,http://wescml.org/id/supply/water/fitzroy-river-water-(rockhampton-regional-council)-2010-11,200426
19021,4290,http://wescml.org/id/supply/water/gladstone-area-water-board-2010-11,200427
0,0,http://wescml.org/id/supply/water/gold-coast-city-council-2010-11,200428
0,0,http://wescml.org/id/supply/water/logan-city-council-2010-11,200429
119528,0,http://wescml.org/id/supply/water/queensland-urban-utilities-2010-11,200430
0,5732,http://wescml.org/id/supply/water/seqwater-2010-11,200431
0,0,http://wescml.org/id/supply/water/toowoomba-regional-council-2010-11,200432
32834,33330,http://wescml.org/id/supply/water/townsville-water-(townsville-city-council)-2010-11,200433
47758,0,http://wescml.org/id/supply/water/unitywater-2010-11,200434
12771,0,http://wescml.org/id/supply/water/water-and-waste-services-(mackay-regional-council)-2010-11,200435
6986,0,http://wescml.org/id/supply/water/wide-bay-water-2010-11,200436
124777,572,http://wescml.org/id/supply/water/sa-water---adelaide-2010-11,200437
2352,0,http://wescml.org/id/supply/water/sa-water---mount-gambier-2010-11,200438
8760,0,http://wescml.org/id/supply/water/sa-water---whyalla-2010-11,200439
30326,0,http://wescml.org/id/supply/water/barwon-water-2010-11,200440
15721,0,http://wescml.org/id/supply/water/central-gippsland-water-2010-11,200441
11596,0,http://wescml.org/id/supply/water/central-highlands-water-2010-11,200442
92577,0,http://wescml.org/id/supply/water/city-west-water-2010-11,200443
15616,0,http://wescml.org/id/supply/water/coliban-water-2010-11,200444
5378,0,http://wescml.org/id/supply/water/east-gippsland-water-2010-11,200445
7593,0,http://wescml.org/id/supply/water/gwmwater-2010-11,200446
20073,0,http://wescml.org/id/supply/water/goulburn-valley-water-2010-11,200447
13334,0,http://wescml.org/id/supply/water/lower-murray-water-2010-11,200448
351761,80853,http://wescml.org/id/supply/water/melbourne-water-2010-11,200449
12286,0,http://wescml.org/id/supply/water/north-east-water-2010-11,200450
123030,0,http://wescml.org/id/supply/water/south-east-water-ltd-2010-11,200451
5492,616,http://wescml.org/id/supply/water/south-gippsland-water-2010-11,200452
12627,0,http://wescml.org/id/supply/water/wannon-water-2010-11,200453
10380,0,http://wescml.org/id/supply/water/western-water-2010-11,200454
1639,0,http://wescml.org/id/supply/water/westernport-water-2010-11,200455
127641,0,http://wescml.org/id/supply/water/yarra-valley-water-2010-11,200456
5686,0,http://wescml.org/id/supply/water/aqwest---bunbury-water-board-(water-supply)-2010-11,200457
3750,0,http://wescml.org/id/supply/water/busselton-water-(water-supply)-2010-11,200458
2031,0,http://wescml.org/id/supply/water/city-of-kalgoorlie-boulder-(sewerage)-2010-11,200459
3701,0,http://wescml.org/id/supply/water/water-corporation---albany-2010-11,200460
0,0,http://wescml.org/id/supply/water/water-corporation---australind/eaton-2010-11,200461
0,0,http://wescml.org/id/supply/water/water-corporation---bunbury-(sewerage)-2010-11,200462
0,0,http://wescml.org/id/supply/water/water-corporation---busselton-(sewerage)-2010-11,200463
8098,0,http://wescml.org/id/supply/water/water-corporation---geraldton-2010-11,200464
8553,0,http://wescml.org/id/supply/water/water-corporation---kalgoorlie-boulder-(water-supply)-2010-11,200465
11722,0,http://wescml.org/id/supply/water/water-corporation---mandurah-2010-11,200466
247303,1486,http://wescml.org/id/supply/water/water-corporation---perth-2010-11,200467
40355,6151,http://wescml.org/id/supply/water/actew-2011-12,200468
6475,0,http://wescml.org/id/supply/water/albury-city-council-2011-12,200469
3509,0,http://wescml.org/id/supply/water/ballina-shire-council-2011-12,200470
6194,1497,http://wescml.org/id/supply/water/bathurst-regional-council-2011-12,200471
3699,0,http://wescml.org/id/supply/water/bega-valley-shire-council-2011-12,200472
3080,0,http://wescml.org/id/supply/water/byron-shire-council-2011-12,200473
6183,0,http://wescml.org/id/supply/water/clarence-valley-council-2011-12,200474
5616,0,http://wescml.org/id/supply/water/coffs-harbour-city-council-2011-12,200475
6098,0,http://wescml.org/id/supply/water/dubbo-city-council-2011-12,200476
5496,0,http://wescml.org/id/supply/water/essential-energy-2011-12,200477
3443,0,http://wescml.org/id/supply/water/eurobodalla-shire-council-2011-12,200478
4867,75,http://wescml.org/id/supply/water/fish-river-water-2011-12,200479
719,0,http://wescml.org/id/supply/water/goldenfields-water-(bulk-water-supply)-2011-12,200480
4475,0,http://wescml.org/id/supply/water/goldenfields-water-(reticulation)-2011-12,200481
13238,0,http://wescml.org/id/supply/water/gosford-city-council-2011-12,200482
2419,0,http://wescml.org/id/supply/water/goulburn-mulwaree-council-2011-12,200483
3344,0,http://wescml.org/id/supply/water/kempsey-shire-council-2011-12,200484
3184,0,http://wescml.org/id/supply/water/lismore-city-council-2011-12,200485
8315,0,http://wescml.org/id/supply/water/midcoast-water-2011-12,200486
0,379,http://wescml.org/id/supply/water/orange-city-council-2011-12,200487
6009,0,http://wescml.org/id/supply/water/port-macquarie-hastings-council-2011-12,200488
3893,0,http://wescml.org/id/supply/water/queanbeyan-city-council-2011-12,200489
12397,0,http://wescml.org/id/supply/water/riverina-water-2011-12,200490
1839,0,http://wescml.org/id/supply/water/rous-water-2011-12,200491
12794,0,http://wescml.org/id/supply/water/shoalhaven-city-council-2011-12,200492
8217,0,http://wescml.org/id/supply/water/tamworth-regional-council-2011-12,200493
8610,0,http://wescml.org/id/supply/water/tweed-shire-council-2011-12,200494
0,0,http://wescml.org/id/supply/water/wagga-wagga-council-2011-12,200495
4105,0,http://wescml.org/id/supply/water/wingecarribee-shire-council-2011-12,200496
13229,4198,http://wescml.org/id/supply/water/wyong-shire-council-2011-12,200497
65060,5110,http://wescml.org/id/supply/water/hunter-water-corporation-2011-12,200498
432443,440325,http://wescml.org/id/supply/water/sydney-catchment-authority-2011-12,200499
495120,0,http://wescml.org/id/supply/water/sydney-water-corporation-2011-12,200500
7599,0,http://wescml.org/id/supply/water/power-and-water---alice-springs-2011-12,200501
35540,0,http://wescml.org/id/supply/water/power-and-water---darwin-2011-12,200502
29589,1206,http://wescml.org/id/supply/water/cairns-water-and-waste-(cairns-regional-council)-2011-12,200503
23769,14445,http://wescml.org/id/supply/water/fitzroy-river-water-(rockhampton-regional-council)-2011-12,200504
20437,9921,http://wescml.org/id/supply/water/gladstone-area-water-board-2011-12,200505
0,0,http://wescml.org/id/supply/water/gold-coast-city-council-2011-12,200506
0,0,http://wescml.org/id/supply/water/logan-city-council-2011-12,200507
130823,0,http://wescml.org/id/supply/water/queensland-urban-utilities-2011-12,200508
0,0,http://wescml.org/id/supply/water/seqwater-2011-12,200509
9550,0,http://wescml.org/id/supply/water/toowoomba-regional-council-2011-12,200510
41888,0,http://wescml.org/id/supply/water/townsville-water-(townsville-city-council)-2011-12,200511
50126,0,http://wescml.org/id/supply/water/unitywater-2011-12,200512
14524,0,http://wescml.org/id/supply/water/water-and-waste-services-(mackay-regional-council)-2011-12,200513
9946,0,http://wescml.org/id/supply/water/wide-bay-water-2011-12,200514
138411,26781,http://wescml.org/id/supply/water/sa-water---adelaide-2011-12,200515
3079,0,http://wescml.org/id/supply/water/sa-water---mount-gambier-2011-12,200516
8289,0,http://wescml.org/id/supply/water/sa-water---whyalla-2011-12,200517
32679,0,http://wescml.org/id/supply/water/barwon-water-2011-12,200518
15840,0,http://wescml.org/id/supply/water/central-gippsland-water-2011-12,200519
12795,0,http://wescml.org/id/supply/water/central-highlands-water-2011-12,200520
96317,0,http://wescml.org/id/supply/water/city-west-water-2011-12,200521
18078,0,http://wescml.org/id/supply/water/coliban-water-2011-12,200522
5129,0,http://wescml.org/id/supply/water/east-gippsland-water-2011-12,200523
10150,0,http://wescml.org/id/supply/water/gwmwater-2011-12,200524
22910,0,http://wescml.org/id/supply/water/goulburn-valley-water-2011-12,200525
15946,0,http://wescml.org/id/supply/water/lower-murray-water-2011-12,200526
365559,94448,http://wescml.org/id/supply/water/melbourne-water-2011-12,200527
13603,0,http://wescml.org/id/supply/water/north-east-water-2011-12,200528
129917,0,http://wescml.org/id/supply/water/south-east-water-ltd-2011-12,200529
5744,0,http://wescml.org/id/supply/water/south-gippsland-water-2011-12,200530
13646,0,http://wescml.org/id/supply/water/wannon-water-2011-12,200531
11370,0,http://wescml.org/id/supply/water/western-water-2011-12,200532
1809,0,http://wescml.org/id/supply/water/westernport-water-2011-12,200533
134476,0,http://wescml.org/id/supply/water/yarra-valley-water-2011-12,200534
5491,0,http://wescml.org/id/supply/water/aqwest---bunbury-water-board-(water-supply)-2011-12,200535
3799,0,http://wescml.org/id/supply/water/busselton-water-(water-supply)-2011-12,200536
2007,0,http://wescml.org/id/supply/water/city-of-kalgoorlie-boulder-(sewerage)-2011-12,200537
3702,0,http://wescml.org/id/supply/water/water-corporation---albany-2011-12,200538
3980,0,http://wescml.org/id/supply/water/water-corporation---australind/eaton-2011-12,200539
0,0,http://wescml.org/id/supply/water/water-corporation---bunbury-(sewerage)-2011-12,200540
0,0,http://wescml.org/id/supply/water/water-corporation---busselton-(sewerage)-2011-12,200541
7826,0,http://wescml.org/id/supply/water/water-corporation---geraldton-2011-12,200542
8167,0,http://wescml.org/id/supply/water/water-corporation---kalgoorlie-boulder-(water-supply)-2011-12,200543
11312,0,http://wescml.org/id/supply/water/water-corporation---mandurah-2011-12,200544
248020,1998,http://wescml.org/id/supply/water/water-corporation---perth-2011-12,200545
45832,4280,http://wescml.org/id/supply/water/actew-2012-13,200546
7935,0,http://wescml.org/id/supply/water/albury-city-council-2012-13,200547
3741,0,http://wescml.org/id/supply/water/ballina-shire-council-2012-13,200548
6992,1497,http://wescml.org/id/supply/water/bathurst-regional-council-2012-13,200549
4461,0,http://wescml.org/id/supply/water/bega-valley-shire-council-2012-13,200550
3314,0,http://wescml.org/id/supply/water/byron-shire-council-2012-13,200551
5922,0,http://wescml.org/id/supply/water/clarence-valley-council-2012-13,200552
6153,0,http://wescml.org/id/supply/water/coffs-harbour-city-council-2012-13,200553
9598,0,http://wescml.org/id/supply/water/dubbo-city-council-2012-13,200554
6956,0,http://wescml.org/id/supply/water/essential-energy-2012-13,200555
3567,0,http://wescml.org/id/supply/water/eurobodalla-shire-council-2012-13,200556
7381,809,http://wescml.org/id/supply/water/fish-river-water-2012-13,200557
490,0,http://wescml.org/id/supply/water/goldenfields-water-(bulk-water-supply)-2012-13,200558
5519,0,http://wescml.org/id/supply/water/goldenfields-water-(reticulation)-2012-13,200559
14411,0,http://wescml.org/id/supply/water/gosford-city-council-2012-13,200560
2828,0,http://wescml.org/id/supply/water/goulburn-mulwaree-council-2012-13,200561
3519,0,http://wescml.org/id/supply/water/kempsey-shire-council-2012-13,200562
3011,0,http://wescml.org/id/supply/water/lismore-city-council-2012-13,200563
8699,0,http://wescml.org/id/supply/water/midcoast-water-2012-13,200564
5855,378,http://wescml.org/id/supply/water/orange-city-council-2012-13,200565
6473,0,http://wescml.org/id/supply/water/port-macquarie-hastings-council-2012-13,200566
3830,0,http://wescml.org/id/supply/water/queanbeyan-city-council-2012-13,200567
15893,0,http://wescml.org/id/supply/water/riverina-water-2012-13,200568
1369,0,http://wescml.org/id/supply/water/rous-water-2012-13,200569
14304,0,http://wescml.org/id/supply/water/shoalhaven-city-council-2012-13,200570
9986,0,http://wescml.org/id/supply/water/tamworth-regional-council-2012-13,200571
9088,0,http://wescml.org/id/supply/water/tweed-shire-council-2012-13,200572
0,0,http://wescml.org/id/supply/water/wagga-wagga-council-2012-13,200573
5075,0,http://wescml.org/id/supply/water/wingecarribee-shire-council-2012-13,200574
14216,4198,http://wescml.org/id/supply/water/wyong-shire-council-2012-13,200575
70238,5110,http://wescml.org/id/supply/water/hunter-water-corporation-2012-13,200576
536949,310309,http://wescml.org/id/supply/water/sydney-catchment-authority-2012-13,200577
523509,0,http://wescml.org/id/supply/water/sydney-water-corporation-2012-13,200578
7682,0,http://wescml.org/id/supply/water/power-and-water---alice-springs-2012-13,200579
35402,0,http://wescml.org/id/supply/water/power-and-water---darwin-2012-13,200580
29426,2037,http://wescml.org/id/supply/water/cairns-water-and-waste-(cairns-regional-council)-2012-13,200581
28260,4623,http://wescml.org/id/supply/water/fitzroy-river-water-(rockhampton-regional-council)-2012-13,200582
24571,7752,http://wescml.org/id/supply/water/gladstone-area-water-board-2012-13,200583
59707,0,http://wescml.org/id/supply/water/gold-coast-city-council-2012-13,200584
17019,0,http://wescml.org/id/supply/water/logan-city-council-2012-13,200585
139174,0,http://wescml.org/id/supply/water/queensland-urban-utilities-2012-13,200586
2156,58306,http://wescml.org/id/supply/water/seqwater-2012-13,200587
10381,0,http://wescml.org/id/supply/water/toowoomba-regional-council-2012-13,200588
47693,0,http://wescml.org/id/supply/water/townsville-water-(townsville-city-council)-2012-13,200589
61028,0,http://wescml.org/id/supply/water/unitywater-2012-13,200590
19614,0,http://wescml.org/id/supply/water/water-and-waste-services-(mackay-regional-council)-2012-13,200591
8825,240045,http://wescml.org/id/supply/water/wide-bay-water-2012-13,200592
153031,11480,http://wescml.org/id/supply/water/sa-water---adelaide-2012-13,200593
3154,0,http://wescml.org/id/supply/water/sa-water---mount-gambier-2012-13,200594
8086,0,http://wescml.org/id/supply/water/sa-water---whyalla-2012-13,200595
34220,0,http://wescml.org/id/supply/water/barwon-water-2012-13,200596
60797,555,http://wescml.org/id/supply/water/central-gippsland-water-2012-13,200597
14101,564,http://wescml.org/id/supply/water/central-highlands-water-2012-13,200598
104270,0,http://wescml.org/id/supply/water/city-west-water-2012-13,200599
21773,1868,http://wescml.org/id/supply/water/coliban-water-2012-13,200600
5636,0,http://wescml.org/id/supply/water/east-gippsland-water-2012-13,200601
11445,69651,http://wescml.org/id/supply/water/gwmwater-2012-13,200602
26221,0,http://wescml.org/id/supply/water/goulburn-valley-water-2012-13,200603
19239,0,http://wescml.org/id/supply/water/lower-murray-water-2012-13,200604
408109,81524,http://wescml.org/id/supply/water/melbourne-water-2012-13,200605
17141,0,http://wescml.org/id/supply/water/north-east-water-2012-13,200606
140627,0,http://wescml.org/id/supply/water/south-east-water-ltd-2012-13,200607
5786,0,http://wescml.org/id/supply/water/south-gippsland-water-2012-13,200608
13580,0,http://wescml.org/id/supply/water/wannon-water-2012-13,200609
12831,0,http://wescml.org/id/supply/water/western-water-2012-13,200610
1840,0,http://wescml.org/id/supply/water/westernport-water-2012-13,200611
149635,0,http://wescml.org/id/supply/water/yarra-valley-water-2012-13,200612
5528,0,http://wescml.org/id/supply/water/aqwest---bunbury-water-board-(water-supply)-2012-13,200613
3840,0,http://wescml.org/id/supply/water/busselton-water-(water-supply)-2012-13,200614
1793,0,http://wescml.org/id/supply/water/city-of-kalgoorlie-boulder-(sewerage)-2012-13,200615
3609,0,http://wescml.org/id/supply/water/water-corporation---albany-2012-13,200616
4283,0,http://wescml.org/id/supply/water/water-corporation---australind/eaton-2012-13,200617
0,0,http://wescml.org/id/supply/water/water-corporation---bunbury-(sewerage)-2012-13,200618
0,0,http://wescml.org/id/supply/water/water-corporation---busselton-(sewerage)-2012-13,200619
9014,0,http://wescml.org/id/supply/water/water-corporation---geraldton-2012-13,200620
8312,0,http://wescml.org/id/supply/water/water-corporation---kalgoorlie-boulder-(water-supply)-2012-13,200621
11730,0,http://wescml.org/id/supply/water/water-corporation---mandurah-2012-13,200622
248818,2287,http://wescml.org/id/supply/water/water-corporation---perth-2012-13,200623
